{"allContent":{"docusaurus-plugin-content-docs":{"default":{"loadedVersions":[{"versionName":"current","label":"Next","banner":null,"badge":false,"noIndex":false,"className":"docs-version-current","path":"/docs","tagsPath":"/docs/tags","editUrl":"https://github.com/phoenixpanel/panel/tree/main/docs/docs","editUrlLocalized":"https://github.com/phoenixpanel/panel/tree/main/docs/i18n/en/docusaurus-plugin-content-docs/current","isLast":true,"routePriority":-1,"sidebarFilePath":"C:\\Users\\sneaky\\Documents\\GitHub\\frontend-website\\sidebars.js","contentPath":"C:\\Users\\sneaky\\Documents\\GitHub\\frontend-website\\docs","contentPathLocalized":"C:\\Users\\sneaky\\Documents\\GitHub\\frontend-website\\i18n\\en\\docusaurus-plugin-content-docs\\current","docs":[{"id":"api/introduction","title":"API Introduction","description":"Welcome to the PhoenixPanel API documentation. This guide will help you integrate your applications with PhoenixPanel and automate your game server management.","source":"@site/docs/api/introduction.md","sourceDirName":"api","slug":"/api/introduction","permalink":"/docs/api/introduction","draft":false,"unlisted":false,"editUrl":"https://github.com/phoenixpanel/panel/tree/main/docs/docs/api/introduction.md","tags":[],"version":"current","sidebarPosition":1,"frontMatter":{"sidebar_position":1},"sidebar":"tutorialSidebar","previous":{"title":"Installing Wings","permalink":"/docs/project/wings/installing"},"next":{"title":"Server Management API","permalink":"/docs/api/servers"}},{"id":"api/libraries","title":"Client Libraries","description":"To make it easier to interact with the PhoenixPanel API, several client libraries are available in different programming languages. These libraries handle authentication, request formatting, and error handling, allowing you to focus on your application logic.","source":"@site/docs/api/libraries.md","sourceDirName":"api","slug":"/api/libraries","permalink":"/docs/api/libraries","draft":false,"unlisted":false,"editUrl":"https://github.com/phoenixpanel/panel/tree/main/docs/docs/api/libraries.md","tags":[],"version":"current","sidebarPosition":5,"frontMatter":{"sidebar_position":5},"sidebar":"tutorialSidebar","previous":{"title":"Node Management API","permalink":"/docs/api/nodes"},"next":{"title":"Server Setup Guide","permalink":"/docs/servers/setup"}},{"id":"api/nodes","title":"Node Management API","description":"This section provides detailed documentation for PhoenixPanel's Node Management API endpoints. These endpoints are typically used by administrators to manage the server nodes that host game servers.","source":"@site/docs/api/nodes.md","sourceDirName":"api","slug":"/api/nodes","permalink":"/docs/api/nodes","draft":false,"unlisted":false,"editUrl":"https://github.com/phoenixpanel/panel/tree/main/docs/docs/api/nodes.md","tags":[],"version":"current","sidebarPosition":4,"frontMatter":{"sidebar_position":4},"sidebar":"tutorialSidebar","previous":{"title":"User Management API","permalink":"/docs/api/users"},"next":{"title":"Client Libraries","permalink":"/docs/api/libraries"}},{"id":"api/servers","title":"Server Management API","description":"This section provides comprehensive documentation for PhoenixPanel's Server Management API endpoints. These endpoints allow you to programmatically manage game servers through the PhoenixPanel API.","source":"@site/docs/api/servers.md","sourceDirName":"api","slug":"/api/servers","permalink":"/docs/api/servers","draft":false,"unlisted":false,"editUrl":"https://github.com/phoenixpanel/panel/tree/main/docs/docs/api/servers.md","tags":[],"version":"current","sidebarPosition":2,"frontMatter":{"sidebar_position":2},"sidebar":"tutorialSidebar","previous":{"title":"API Introduction","permalink":"/docs/api/introduction"},"next":{"title":"User Management API","permalink":"/docs/api/users"}},{"id":"api/users","title":"User Management API","description":"This section provides detailed documentation for PhoenixPanel's User Management API endpoints.","source":"@site/docs/api/users.md","sourceDirName":"api","slug":"/api/users","permalink":"/docs/api/users","draft":false,"unlisted":false,"editUrl":"https://github.com/phoenixpanel/panel/tree/main/docs/docs/api/users.md","tags":[],"version":"current","sidebarPosition":3,"frontMatter":{"sidebar_position":3},"sidebar":"tutorialSidebar","previous":{"title":"Server Management API","permalink":"/docs/api/servers"},"next":{"title":"Node Management API","permalink":"/docs/api/nodes"}},{"id":"content-strategy","title":"Content Strategy & SEO Guide","description":"This guide provides best practices for crafting effective content and optimizing your game server documentation for search engines. Whether you're documenting your server configurations or creating a community knowledge base, these strategies will help you create more discoverable, engaging documentation.","source":"@site/docs/content-strategy.md","sourceDirName":".","slug":"/content-strategy","permalink":"/docs/content-strategy","draft":false,"unlisted":false,"editUrl":"https://github.com/phoenixpanel/panel/tree/main/docs/docs/content-strategy.md","tags":[],"version":"current","sidebarPosition":10,"frontMatter":{"sidebar_position":10},"sidebar":"tutorialSidebar","previous":{"title":"Update Guide","permalink":"/docs/update-guide"},"next":{"title":"Troubleshooting Guide","permalink":"/docs/troubleshooting"}},{"id":"intro","title":"PhoenixPanel Documentation","description":"🔥","source":"@site/docs/intro.md","sourceDirName":".","slug":"/intro","permalink":"/docs/intro","draft":false,"unlisted":false,"editUrl":"https://github.com/phoenixpanel/panel/tree/main/docs/docs/intro.md","tags":[],"version":"current","sidebarPosition":1,"frontMatter":{"sidebar_position":1},"sidebar":"tutorialSidebar","next":{"title":"Panel Installation","permalink":"/docs/project/panel/installation"}},{"id":"migration","title":"Migration Guide","description":"This guide provides instructions for migrating from other game server management panels to PhoenixPanel.","source":"@site/docs/migration.md","sourceDirName":".","slug":"/migration","permalink":"/docs/migration","draft":false,"unlisted":false,"editUrl":"https://github.com/phoenixpanel/panel/tree/main/docs/docs/migration.md","tags":[],"version":"current","sidebarPosition":8,"frontMatter":{"sidebar_position":8},"sidebar":"tutorialSidebar","previous":{"title":"Security Best Practices","permalink":"/docs/security"},"next":{"title":"Update Guide","permalink":"/docs/update-guide"}},{"id":"performance-optimization","title":"Performance Optimization Guide","description":"This guide provides technical recommendations for optimizing your PhoenixPanel installation. Following these best practices will help you achieve better performance, scalability, and reliability for your game server hosting environment.","source":"@site/docs/performance-optimization.md","sourceDirName":".","slug":"/performance-optimization","permalink":"/docs/performance-optimization","draft":false,"unlisted":false,"editUrl":"https://github.com/phoenixpanel/panel/tree/main/docs/docs/performance-optimization.md","tags":[],"version":"current","sidebarPosition":11,"frontMatter":{"sidebar_position":11},"sidebar":"tutorialSidebar","previous":{"title":"User Management","permalink":"/docs/users"},"next":{"title":"Security Best Practices","permalink":"/docs/security"}},{"id":"project/panel/installation","title":"Panel Installation","description":"This guide will walk you through the process of installing PhoenixPanel on your server.","source":"@site/docs/project/panel/installation.md","sourceDirName":"project/panel","slug":"/project/panel/installation","permalink":"/docs/project/panel/installation","draft":false,"unlisted":false,"editUrl":"https://github.com/phoenixpanel/panel/tree/main/docs/docs/project/panel/installation.md","tags":[],"version":"current","sidebarPosition":1,"frontMatter":{"sidebar_position":1},"sidebar":"tutorialSidebar","previous":{"title":"PhoenixPanel Documentation","permalink":"/docs/intro"},"next":{"title":"Installing Wings","permalink":"/docs/project/wings/installing"}},{"id":"project/wings/installing","title":"Installing Wings","description":"Wings is the server control plane for PhoenixPanel. It handles all the game server logic, runs the Docker containers, and communicates with your main PhoenixPanel installation.","source":"@site/docs/project/wings/installing.md","sourceDirName":"project/wings","slug":"/project/wings/installing","permalink":"/docs/project/wings/installing","draft":false,"unlisted":false,"editUrl":"https://github.com/phoenixpanel/panel/tree/main/docs/docs/project/wings/installing.md","tags":[],"version":"current","sidebarPosition":1,"frontMatter":{"sidebar_position":1},"sidebar":"tutorialSidebar","previous":{"title":"Panel Installation","permalink":"/docs/project/panel/installation"},"next":{"title":"API Introduction","permalink":"/docs/api/introduction"}},{"id":"security","title":"Security Best Practices","description":"This guide outlines security best practices for your PhoenixPanel installation to help protect your game servers and user data from potential threats.","source":"@site/docs/security.md","sourceDirName":".","slug":"/security","permalink":"/docs/security","draft":false,"unlisted":false,"editUrl":"https://github.com/phoenixpanel/panel/tree/main/docs/docs/security.md","tags":[],"version":"current","sidebarPosition":12,"frontMatter":{"sidebar_position":12},"sidebar":"tutorialSidebar","previous":{"title":"Performance Optimization Guide","permalink":"/docs/performance-optimization"},"next":{"title":"Migration Guide","permalink":"/docs/migration"}},{"id":"servers/setup","title":"Server Setup Guide","description":"This guide will help you configure your first game server in PhoenixPanel.","source":"@site/docs/servers/setup.md","sourceDirName":"servers","slug":"/servers/setup","permalink":"/docs/servers/setup","draft":false,"unlisted":false,"editUrl":"https://github.com/phoenixpanel/panel/tree/main/docs/docs/servers/setup.md","tags":[],"version":"current","sidebarPosition":1,"frontMatter":{"sidebar_position":1},"sidebar":"tutorialSidebar","previous":{"title":"Client Libraries","permalink":"/docs/api/libraries"},"next":{"title":"User Management","permalink":"/docs/users"}},{"id":"troubleshooting","title":"Troubleshooting Guide","description":"This comprehensive troubleshooting guide will help you diagnose and resolve common issues with PhoenixPanel installations. Follow the step-by-step instructions to identify problems and implement solutions.","source":"@site/docs/troubleshooting.md","sourceDirName":".","slug":"/troubleshooting","permalink":"/docs/troubleshooting","draft":false,"unlisted":false,"editUrl":"https://github.com/phoenixpanel/panel/tree/main/docs/docs/troubleshooting.md","tags":[],"version":"current","sidebarPosition":13,"frontMatter":{"sidebar_position":13},"sidebar":"tutorialSidebar","previous":{"title":"Content Strategy & SEO Guide","permalink":"/docs/content-strategy"}},{"id":"update-guide","title":"Update Guide","description":"This guide provides step-by-step instructions for updating your PhoenixPanel installation to the latest version.","source":"@site/docs/update-guide.md","sourceDirName":".","slug":"/update-guide","permalink":"/docs/update-guide","draft":false,"unlisted":false,"editUrl":"https://github.com/phoenixpanel/panel/tree/main/docs/docs/update-guide.md","tags":[],"version":"current","sidebarPosition":7,"frontMatter":{"sidebar_position":7},"sidebar":"tutorialSidebar","previous":{"title":"Migration Guide","permalink":"/docs/migration"},"next":{"title":"Content Strategy & SEO Guide","permalink":"/docs/content-strategy"}},{"id":"users","title":"User Management","description":"PhoenixPanel provides a comprehensive user management system that allows you to control access to your game servers and administrative functions. This guide covers everything you need to know about managing users in PhoenixPanel.","source":"@site/docs/users.md","sourceDirName":".","slug":"/users","permalink":"/docs/users","draft":false,"unlisted":false,"editUrl":"https://github.com/phoenixpanel/panel/tree/main/docs/docs/users.md","tags":[],"version":"current","sidebarPosition":4,"frontMatter":{"sidebar_position":4},"sidebar":"tutorialSidebar","previous":{"title":"Server Setup Guide","permalink":"/docs/servers/setup"},"next":{"title":"Performance Optimization Guide","permalink":"/docs/performance-optimization"}}],"drafts":[],"sidebars":{"tutorialSidebar":[{"type":"doc","id":"intro"},{"type":"category","label":"Getting Started","collapsed":false,"items":[{"type":"doc","id":"project/panel/installation"},{"type":"doc","id":"project/wings/installing"}],"collapsible":true},{"type":"category","label":"API Reference","items":[{"type":"doc","id":"api/introduction"},{"type":"doc","id":"api/servers"},{"type":"doc","id":"api/users"},{"type":"doc","id":"api/nodes"},{"type":"doc","id":"api/libraries"}],"collapsed":true,"collapsible":true},{"type":"category","label":"Server Management","items":[{"type":"doc","id":"servers/setup"},{"type":"doc","id":"users"}],"collapsed":true,"collapsible":true},{"type":"category","label":"Technical Guides","items":[{"type":"doc","id":"performance-optimization"},{"type":"doc","id":"security"},{"type":"doc","label":"Migration Guide","id":"migration","translatable":true},{"type":"link","label":"↪ Pterodactyl Migration","href":"/docs/migration#quick-migration-method-recommended"},{"type":"doc","id":"update-guide"}],"collapsed":true,"collapsible":true},{"type":"category","label":"Best Practices","items":[{"type":"doc","id":"content-strategy"},{"type":"doc","id":"troubleshooting"}],"collapsed":true,"collapsible":true}]}}]}},"docusaurus-plugin-content-blog":{"default":{"blogSidebarTitle":"Recent posts","blogPosts":[{"id":"welcome","metadata":{"permalink":"/blog/welcome","editUrl":"https://github.com/phoenixpanel/panel/tree/main/blog/blog/2021-08-26-welcome/index.md","source":"@site/blog/2021-08-26-welcome/index.md","title":"Welcome","description":"Docusaurus blogging features are powered by the blog plugin.","date":"2021-08-26T00:00:00.000Z","tags":[{"inline":false,"label":"Facebook","permalink":"/blog/tags/facebook","description":"Facebook tag description"},{"inline":false,"label":"Hello","permalink":"/blog/tags/hello","description":"Hello tag description"},{"inline":false,"label":"Docusaurus","permalink":"/blog/tags/docusaurus","description":"Docusaurus tag description"}],"readingTime":0.465,"hasTruncateMarker":true,"authors":[{"name":"Sébastien Lorber","title":"Docusaurus maintainer","url":"https://sebastienlorber.com","page":{"permalink":"/blog/authors/all-sebastien-lorber-articles"},"socials":{"x":"https://x.com/sebastienlorber","linkedin":"https://www.linkedin.com/in/sebastienlorber/","github":"https://github.com/slorber","newsletter":"https://thisweekinreact.com"},"imageURL":"https://github.com/slorber.png","key":"slorber"},{"name":"Yangshun Tay","title":"Front End Engineer @ Facebook","url":"https://github.com/yangshun","page":{"permalink":"/blog/authors/yangshun"},"socials":{"x":"https://x.com/yangshunz","github":"https://github.com/yangshun"},"imageURL":"https://github.com/yangshun.png","key":"yangshun"}],"frontMatter":{"slug":"welcome","title":"Welcome","authors":["slorber","yangshun"],"tags":["facebook","hello","docusaurus"]},"unlisted":false,"nextItem":{"title":"MDX Blog Post","permalink":"/blog/mdx-blog-post"}},"content":"[Docusaurus blogging features](https://docusaurus.io/docs/blog) are powered by the [blog plugin](https://docusaurus.io/docs/api/plugins/@docusaurus/plugin-content-blog).\n\nHere are a few tips you might find useful.\n\n<!-- truncate -->\n\nSimply add Markdown files (or folders) to the `blog` directory.\n\nRegular blog authors can be added to `authors.yml`.\n\nThe blog post date can be extracted from filenames, such as:\n\n- `2019-05-30-welcome.md`\n- `2019-05-30-welcome/index.md`\n\nA blog post folder can be convenient to co-locate blog post images:\n\n![Docusaurus Plushie](./docusaurus-plushie-banner.jpeg)\n\nThe blog supports tags as well!\n\n**And if you don't want a blog**: just delete this directory, and use `blog: false` in your Docusaurus config."},{"id":"mdx-blog-post","metadata":{"permalink":"/blog/mdx-blog-post","editUrl":"https://github.com/phoenixpanel/panel/tree/main/blog/blog/2021-08-01-mdx-blog-post.mdx","source":"@site/blog/2021-08-01-mdx-blog-post.mdx","title":"MDX Blog Post","description":"Blog posts support Docusaurus Markdown features, such as MDX.","date":"2021-08-01T00:00:00.000Z","tags":[{"inline":false,"label":"Docusaurus","permalink":"/blog/tags/docusaurus","description":"Docusaurus tag description"}],"readingTime":0.235,"hasTruncateMarker":true,"authors":[{"name":"Sébastien Lorber","title":"Docusaurus maintainer","url":"https://sebastienlorber.com","page":{"permalink":"/blog/authors/all-sebastien-lorber-articles"},"socials":{"x":"https://x.com/sebastienlorber","linkedin":"https://www.linkedin.com/in/sebastienlorber/","github":"https://github.com/slorber","newsletter":"https://thisweekinreact.com"},"imageURL":"https://github.com/slorber.png","key":"slorber"}],"frontMatter":{"slug":"mdx-blog-post","title":"MDX Blog Post","authors":["slorber"],"tags":["docusaurus"]},"unlisted":false,"prevItem":{"title":"Welcome","permalink":"/blog/welcome"},"nextItem":{"title":"Long Blog Post","permalink":"/blog/long-blog-post"}},"content":"Blog posts support [Docusaurus Markdown features](https://docusaurus.io/docs/markdown-features), such as [MDX](https://mdxjs.com/).\n\n:::tip\n\nUse the power of React to create interactive blog posts.\n\n:::\n\n{/* truncate */}\n\nFor example, use JSX to create an interactive button:\n\n```js\n<button onClick={() => alert('button clicked!')}>Click me!</button>\n```\n\n<button onClick={() => alert('button clicked!')}>Click me!</button>"},{"id":"long-blog-post","metadata":{"permalink":"/blog/long-blog-post","editUrl":"https://github.com/phoenixpanel/panel/tree/main/blog/blog/2019-05-29-long-blog-post.md","source":"@site/blog/2019-05-29-long-blog-post.md","title":"Long Blog Post","description":"This is the summary of a very long blog post,","date":"2019-05-29T00:00:00.000Z","tags":[{"inline":false,"label":"Hello","permalink":"/blog/tags/hello","description":"Hello tag description"},{"inline":false,"label":"Docusaurus","permalink":"/blog/tags/docusaurus","description":"Docusaurus tag description"}],"readingTime":2.06,"hasTruncateMarker":true,"authors":[{"name":"Yangshun Tay","title":"Front End Engineer @ Facebook","url":"https://github.com/yangshun","page":{"permalink":"/blog/authors/yangshun"},"socials":{"x":"https://x.com/yangshunz","github":"https://github.com/yangshun"},"imageURL":"https://github.com/yangshun.png","key":"yangshun"}],"frontMatter":{"slug":"long-blog-post","title":"Long Blog Post","authors":"yangshun","tags":["hello","docusaurus"]},"unlisted":false,"prevItem":{"title":"MDX Blog Post","permalink":"/blog/mdx-blog-post"},"nextItem":{"title":"First Blog Post","permalink":"/blog/first-blog-post"}},"content":"This is the summary of a very long blog post,\n\nUse a `<!--` `truncate` `-->` comment to limit blog post size in the list view.\n\n<!-- truncate -->\n\nLorem ipsum dolor sit amet, consectetur adipiscing elit. Pellentesque elementum dignissim ultricies. Fusce rhoncus ipsum tempor eros aliquam consequat. Lorem ipsum dolor sit amet\n\nLorem ipsum dolor sit amet, consectetur adipiscing elit. Pellentesque elementum dignissim ultricies. Fusce rhoncus ipsum tempor eros aliquam consequat. Lorem ipsum dolor sit amet\n\nLorem ipsum dolor sit amet, consectetur adipiscing elit. Pellentesque elementum dignissim ultricies. Fusce rhoncus ipsum tempor eros aliquam consequat. Lorem ipsum dolor sit amet\n\nLorem ipsum dolor sit amet, consectetur adipiscing elit. Pellentesque elementum dignissim ultricies. Fusce rhoncus ipsum tempor eros aliquam consequat. Lorem ipsum dolor sit amet\n\nLorem ipsum dolor sit amet, consectetur adipiscing elit. Pellentesque elementum dignissim ultricies. Fusce rhoncus ipsum tempor eros aliquam consequat. Lorem ipsum dolor sit amet\n\nLorem ipsum dolor sit amet, consectetur adipiscing elit. Pellentesque elementum dignissim ultricies. Fusce rhoncus ipsum tempor eros aliquam consequat. Lorem ipsum dolor sit amet\n\nLorem ipsum dolor sit amet, consectetur adipiscing elit. Pellentesque elementum dignissim ultricies. Fusce rhoncus ipsum tempor eros aliquam consequat. Lorem ipsum dolor sit amet\n\nLorem ipsum dolor sit amet, consectetur adipiscing elit. Pellentesque elementum dignissim ultricies. Fusce rhoncus ipsum tempor eros aliquam consequat. Lorem ipsum dolor sit amet\n\nLorem ipsum dolor sit amet, consectetur adipiscing elit. Pellentesque elementum dignissim ultricies. Fusce rhoncus ipsum tempor eros aliquam consequat. Lorem ipsum dolor sit amet\n\nLorem ipsum dolor sit amet, consectetur adipiscing elit. Pellentesque elementum dignissim ultricies. Fusce rhoncus ipsum tempor eros aliquam consequat. Lorem ipsum dolor sit amet\n\nLorem ipsum dolor sit amet, consectetur adipiscing elit. Pellentesque elementum dignissim ultricies. Fusce rhoncus ipsum tempor eros aliquam consequat. Lorem ipsum dolor sit amet\n\nLorem ipsum dolor sit amet, consectetur adipiscing elit. Pellentesque elementum dignissim ultricies. Fusce rhoncus ipsum tempor eros aliquam consequat. Lorem ipsum dolor sit amet\n\nLorem ipsum dolor sit amet, consectetur adipiscing elit. Pellentesque elementum dignissim ultricies. Fusce rhoncus ipsum tempor eros aliquam consequat. Lorem ipsum dolor sit amet\n\nLorem ipsum dolor sit amet, consectetur adipiscing elit. Pellentesque elementum dignissim ultricies. Fusce rhoncus ipsum tempor eros aliquam consequat. Lorem ipsum dolor sit amet\n\nLorem ipsum dolor sit amet, consectetur adipiscing elit. Pellentesque elementum dignissim ultricies. Fusce rhoncus ipsum tempor eros aliquam consequat. Lorem ipsum dolor sit amet\n\nLorem ipsum dolor sit amet, consectetur adipiscing elit. Pellentesque elementum dignissim ultricies. Fusce rhoncus ipsum tempor eros aliquam consequat. Lorem ipsum dolor sit amet"},{"id":"first-blog-post","metadata":{"permalink":"/blog/first-blog-post","editUrl":"https://github.com/phoenixpanel/panel/tree/main/blog/blog/2019-05-28-first-blog-post.md","source":"@site/blog/2019-05-28-first-blog-post.md","title":"First Blog Post","description":"Lorem ipsum dolor sit amet...","date":"2019-05-28T00:00:00.000Z","tags":[{"inline":false,"label":"Hola","permalink":"/blog/tags/hola","description":"Hola tag description"},{"inline":false,"label":"Docusaurus","permalink":"/blog/tags/docusaurus","description":"Docusaurus tag description"}],"readingTime":0.135,"hasTruncateMarker":true,"authors":[{"name":"Sébastien Lorber","title":"Docusaurus maintainer","url":"https://sebastienlorber.com","page":{"permalink":"/blog/authors/all-sebastien-lorber-articles"},"socials":{"x":"https://x.com/sebastienlorber","linkedin":"https://www.linkedin.com/in/sebastienlorber/","github":"https://github.com/slorber","newsletter":"https://thisweekinreact.com"},"imageURL":"https://github.com/slorber.png","key":"slorber"},{"name":"Yangshun Tay","title":"Front End Engineer @ Facebook","url":"https://github.com/yangshun","page":{"permalink":"/blog/authors/yangshun"},"socials":{"x":"https://x.com/yangshunz","github":"https://github.com/yangshun"},"imageURL":"https://github.com/yangshun.png","key":"yangshun"}],"frontMatter":{"slug":"first-blog-post","title":"First Blog Post","authors":["slorber","yangshun"],"tags":["hola","docusaurus"]},"unlisted":false,"prevItem":{"title":"Long Blog Post","permalink":"/blog/long-blog-post"}},"content":"Lorem ipsum dolor sit amet...\n\n<!-- truncate -->\n\n...consectetur adipiscing elit. Pellentesque elementum dignissim ultricies. Fusce rhoncus ipsum tempor eros aliquam consequat. Lorem ipsum dolor sit amet"}],"blogListPaginated":[{"items":["welcome","mdx-blog-post","long-blog-post","first-blog-post"],"metadata":{"permalink":"/blog","page":1,"postsPerPage":10,"totalPages":1,"totalCount":4,"blogDescription":"Blog","blogTitle":"Blog"}}],"blogTags":{"/blog/tags/facebook":{"inline":false,"label":"Facebook","permalink":"/blog/tags/facebook","description":"Facebook tag description","items":["welcome"],"pages":[{"items":["welcome"],"metadata":{"permalink":"/blog/tags/facebook","page":1,"postsPerPage":10,"totalPages":1,"totalCount":1,"blogDescription":"Blog","blogTitle":"Blog"}}],"unlisted":false},"/blog/tags/hello":{"inline":false,"label":"Hello","permalink":"/blog/tags/hello","description":"Hello tag description","items":["welcome","long-blog-post"],"pages":[{"items":["welcome","long-blog-post"],"metadata":{"permalink":"/blog/tags/hello","page":1,"postsPerPage":10,"totalPages":1,"totalCount":2,"blogDescription":"Blog","blogTitle":"Blog"}}],"unlisted":false},"/blog/tags/docusaurus":{"inline":false,"label":"Docusaurus","permalink":"/blog/tags/docusaurus","description":"Docusaurus tag description","items":["welcome","mdx-blog-post","long-blog-post","first-blog-post"],"pages":[{"items":["welcome","mdx-blog-post","long-blog-post","first-blog-post"],"metadata":{"permalink":"/blog/tags/docusaurus","page":1,"postsPerPage":10,"totalPages":1,"totalCount":4,"blogDescription":"Blog","blogTitle":"Blog"}}],"unlisted":false},"/blog/tags/hola":{"inline":false,"label":"Hola","permalink":"/blog/tags/hola","description":"Hola tag description","items":["first-blog-post"],"pages":[{"items":["first-blog-post"],"metadata":{"permalink":"/blog/tags/hola","page":1,"postsPerPage":10,"totalPages":1,"totalCount":1,"blogDescription":"Blog","blogTitle":"Blog"}}],"unlisted":false}},"blogTagsListPath":"/blog/tags","authorsMap":{"yangshun":{"name":"Yangshun Tay","title":"Front End Engineer @ Facebook","url":"https://github.com/yangshun","page":{"permalink":"/blog/authors/yangshun"},"socials":{"x":"https://x.com/yangshunz","github":"https://github.com/yangshun"},"imageURL":"https://github.com/yangshun.png","key":"yangshun"},"slorber":{"name":"Sébastien Lorber","title":"Docusaurus maintainer","url":"https://sebastienlorber.com","page":{"permalink":"/blog/authors/all-sebastien-lorber-articles"},"socials":{"x":"https://x.com/sebastienlorber","linkedin":"https://www.linkedin.com/in/sebastienlorber/","github":"https://github.com/slorber","newsletter":"https://thisweekinreact.com"},"imageURL":"https://github.com/slorber.png","key":"slorber"}}}},"docusaurus-plugin-content-pages":{"default":[{"type":"jsx","permalink":"/api","source":"@site/src/pages/api.js"},{"type":"jsx","permalink":"/features","source":"@site/src/pages/features.js"},{"type":"jsx","permalink":"/","source":"@site/src/pages/index.js"},{"type":"mdx","permalink":"/markdown-page","source":"@site/src/pages/markdown-page.md","title":"Markdown page example","description":"You don't need React to write simple standalone pages.","frontMatter":{"title":"Markdown page example"},"unlisted":false}]},"docusaurus-plugin-debug":{},"docusaurus-plugin-svgr":{},"docusaurus-theme-classic":{},"docusaurus-bootstrap-plugin":{},"docusaurus-mdx-fallback-plugin":{}}}