{
  "docusaurus-plugin-content-docs": {
    "default": {
      "path": "/docs",
      "versions": [
        {
          "name": "current",
          "label": "Next",
          "isLast": true,
          "path": "/docs",
          "mainDocId": "intro",
          "docs": [
            {
              "id": "api/introduction",
              "path": "/docs/api/introduction",
              "sidebar": "tutorialSidebar"
            },
            {
              "id": "api/libraries",
              "path": "/docs/api/libraries",
              "sidebar": "tutorialSidebar"
            },
            {
              "id": "api/nodes",
              "path": "/docs/api/nodes",
              "sidebar": "tutorialSidebar"
            },
            {
              "id": "api/servers",
              "path": "/docs/api/servers",
              "sidebar": "tutorialSidebar"
            },
            {
              "id": "api/services",
              "path": "/docs/api/services",
              "sidebar": "tutorialSidebar"
            },
            {
              "id": "api/users",
              "path": "/docs/api/users",
              "sidebar": "tutorialSidebar"
            },
            {
              "id": "content-editing-guide",
              "path": "/docs/content-editing-guide"
            },
            {
              "id": "content-strategy",
              "path": "/docs/content-strategy",
              "sidebar": "tutorialSidebar"
            },
            {
              "id": "intro",
              "path": "/docs/intro",
              "sidebar": "tutorialSidebar"
            },
            {
              "id": "migration",
              "path": "/docs/migration",
              "sidebar": "tutorialSidebar"
            },
            {
              "id": "performance-optimization",
              "path": "/docs/performance-optimization",
              "sidebar": "tutorialSidebar"
            },
            {
              "id": "project/panel/centos",
              "path": "/docs/project/panel/centos",
              "sidebar": "tutorialSidebar"
            },
            {
              "id": "project/panel/configuration",
              "path": "/docs/project/panel/configuration",
              "sidebar": "tutorialSidebar"
            },
            {
              "id": "project/panel/debian",
              "path": "/docs/project/panel/debian",
              "sidebar": "tutorialSidebar"
            },
            {
              "id": "project/panel/installation",
              "path": "/docs/project/panel/installation",
              "sidebar": "tutorialSidebar"
            },
            {
              "id": "project/panel/ubuntu",
              "path": "/docs/project/panel/ubuntu",
              "sidebar": "tutorialSidebar"
            },
            {
              "id": "project/servers/creation",
              "path": "/docs/project/servers/creation",
              "sidebar": "tutorialSidebar"
            },
            {
              "id": "project/troubleshooting",
              "path": "/docs/project/troubleshooting",
              "sidebar": "tutorialSidebar"
            },
            {
              "id": "project/wings/centos",
              "path": "/docs/project/wings/centos",
              "sidebar": "tutorialSidebar"
            },
            {
              "id": "project/wings/debian",
              "path": "/docs/project/wings/debian",
              "sidebar": "tutorialSidebar"
            },
            {
              "id": "project/wings/installing",
              "path": "/docs/project/wings/installing",
              "sidebar": "tutorialSidebar"
            },
            {
              "id": "project/wings/ubuntu",
              "path": "/docs/project/wings/ubuntu",
              "sidebar": "tutorialSidebar"
            },
            {
              "id": "security",
              "path": "/docs/security",
              "sidebar": "tutorialSidebar"
            },
            {
              "id": "servers/backups",
              "path": "/docs/servers/backups",
              "sidebar": "tutorialSidebar"
            },
            {
              "id": "servers/mods",
              "path": "/docs/servers/mods",
              "sidebar": "tutorialSidebar"
            },
            {
              "id": "servers/monitoring",
              "path": "/docs/servers/monitoring",
              "sidebar": "tutorialSidebar"
            },
            {
              "id": "servers/setup",
              "path": "/docs/servers/setup",
              "sidebar": "tutorialSidebar"
            },
            {
              "id": "troubleshooting",
              "path": "/docs/troubleshooting",
              "sidebar": "tutorialSidebar"
            },
            {
              "id": "update-guide",
              "path": "/docs/update-guide",
              "sidebar": "tutorialSidebar"
            },
            {
              "id": "users",
              "path": "/docs/users",
              "sidebar": "tutorialSidebar"
            }
          ],
          "draftIds": [],
          "sidebars": {
            "tutorialSidebar": {
              "link": {
                "path": "/docs/intro",
                "label": "intro"
              }
            }
          }
        }
      ],
      "breadcrumbs": true
    }
  }
}