{
  "/api-24b": {
    "__comp": "48dcf387",
    "__context": {
      "plugin": "a7456010"
    },
    "config": "5e9f5e1a"
  },
  "/blog-b2f": {
    "__comp": "a6aa9e1f",
    "__context": {
      "plugin": "36994c47"
    },
    "sidebar": "814f3328",
    "items": [
      {
        "content": "7661071f"
      },
      {
        "content": "f4f34a3a"
      },
      {
        "content": "8717b14a"
      },
      {
        "content": "925b3f96"
      }
    ],
    "__props": "c15d9823"
  },
  "/blog/archive-182": {
    "__comp": "9e4087bc",
    "__context": {
      "plugin": "36994c47"
    },
    "__props": "f81c1134"
  },
  "/blog/authors-0b7": {
    "__comp": "621db11d",
    "__context": {
      "data": {
        "blogMetadata": "acecf23e"
      },
      "plugin": "36994c47"
    },
    "sidebar": "814f3328",
    "__props": "ef8b811a"
  },
  "/blog/authors/all-sebastien-lorber-articles-4a1": {
    "__comp": "33fc5bb8",
    "__context": {
      "data": {
        "blogMetadata": "acecf23e"
      },
      "plugin": "36994c47"
    },
    "items": [
      {
        "content": "7661071f"
      },
      {
        "content": "f4f34a3a"
      },
      {
        "content": "925b3f96"
      }
    ],
    "sidebar": "814f3328",
    "__props": "c9c9bef8"
  },
  "/blog/authors/yangshun-a68": {
    "__comp": "33fc5bb8",
    "__context": {
      "data": {
        "blogMetadata": "acecf23e"
      },
      "plugin": "36994c47"
    },
    "items": [
      {
        "content": "7661071f"
      },
      {
        "content": "8717b14a"
      },
      {
        "content": "925b3f96"
      }
    ],
    "sidebar": "814f3328",
    "__props": "1dea6ca3"
  },
  "/blog/first-blog-post-89a": {
    "__comp": "ccc49370",
    "__context": {
      "data": {
        "blogMetadata": "acecf23e"
      },
      "plugin": "36994c47"
    },
    "sidebar": "814f3328",
    "content": "e273c56f"
  },
  "/blog/long-blog-post-9ad": {
    "__comp": "ccc49370",
    "__context": {
      "data": {
        "blogMetadata": "acecf23e"
      },
      "plugin": "36994c47"
    },
    "sidebar": "814f3328",
    "content": "73664a40"
  },
  "/blog/mdx-blog-post-e9f": {
    "__comp": "ccc49370",
    "__context": {
      "data": {
        "blogMetadata": "acecf23e"
      },
      "plugin": "36994c47"
    },
    "sidebar": "814f3328",
    "content": "59362658"
  },
  "/blog/tags-287": {
    "__comp": "01a85c17",
    "__context": {
      "plugin": "36994c47"
    },
    "sidebar": "814f3328",
    "__props": "3a2db09e"
  },
  "/blog/tags/docusaurus-704": {
    "__comp": "6875c492",
    "__context": {
      "plugin": "36994c47"
    },
    "sidebar": "814f3328",
    "items": [
      {
        "content": "7661071f"
      },
      {
        "content": "f4f34a3a"
      },
      {
        "content": "8717b14a"
      },
      {
        "content": "925b3f96"
      }
    ],
    "__props": "3217192f"
  },
  "/blog/tags/facebook-858": {
    "__comp": "6875c492",
    "__context": {
      "plugin": "36994c47"
    },
    "sidebar": "814f3328",
    "items": [
      {
        "content": "7661071f"
      }
    ],
    "__props": "e5aefb32"
  },
  "/blog/tags/hello-299": {
    "__comp": "6875c492",
    "__context": {
      "plugin": "36994c47"
    },
    "sidebar": "814f3328",
    "items": [
      {
        "content": "7661071f"
      },
      {
        "content": "8717b14a"
      }
    ],
    "__props": "f82cd581"
  },
  "/blog/tags/hola-00d": {
    "__comp": "6875c492",
    "__context": {
      "plugin": "36994c47"
    },
    "sidebar": "814f3328",
    "items": [
      {
        "content": "925b3f96"
      }
    ],
    "__props": "5e90a9b3"
  },
  "/blog/welcome-d2b": {
    "__comp": "ccc49370",
    "__context": {
      "data": {
        "blogMetadata": "acecf23e"
      },
      "plugin": "36994c47"
    },
    "sidebar": "814f3328",
    "content": "d9f32620"
  },
  "/features-13a": {
    "__comp": "a54713d3",
    "__context": {
      "plugin": "a7456010"
    },
    "config": "5e9f5e1a"
  },
  "/markdown-page-3d7": {
    "__comp": "1f391b9e",
    "__context": {
      "plugin": "a7456010"
    },
    "content": "393be207"
  },
  "/docs-c8c": {
    "__comp": "5e95c892",
    "__context": {
      "plugin": "aba21aa0"
    }
  },
  "/docs-570": {
    "__comp": "a7bd4aaa",
    "__props": "0058b4c6"
  },
  "/docs-5b5": {
    "__comp": "a94703ab"
  },
  "/docs/api/introduction-38e": {
    "__comp": "17896441",
    "content": "a9834a23"
  },
  "/docs/api/libraries-7fe": {
    "__comp": "17896441",
    "content": "82632aa9"
  },
  "/docs/api/nodes-b9e": {
    "__comp": "17896441",
    "content": "6e4a7798"
  },
  "/docs/api/servers-b09": {
    "__comp": "17896441",
    "content": "13f28415"
  },
  "/docs/api/services-1d2": {
    "__comp": "17896441",
    "content": "cb9ff28f"
  },
  "/docs/api/users-31c": {
    "__comp": "17896441",
    "content": "63b7fc37"
  },
  "/docs/content-editing-guide-daf": {
    "__comp": "17896441",
    "content": "cdcae933"
  },
  "/docs/content-strategy-e2a": {
    "__comp": "17896441",
    "content": "c0093c48"
  },
  "/docs/intro-61d": {
    "__comp": "17896441",
    "content": "0e384e19"
  },
  "/docs/migration-e31": {
    "__comp": "17896441",
    "content": "295b567d"
  },
  "/docs/performance-optimization-f13": {
    "__comp": "17896441",
    "content": "580383ac"
  },
  "/docs/project/panel/centos-bee": {
    "__comp": "17896441",
    "content": "da193a56"
  },
  "/docs/project/panel/configuration-620": {
    "__comp": "17896441",
    "content": "dfe77d1b"
  },
  "/docs/project/panel/debian-402": {
    "__comp": "17896441",
    "content": "c08ed6a7"
  },
  "/docs/project/panel/installation-b69": {
    "__comp": "17896441",
    "content": "cd0c26e6"
  },
  "/docs/project/panel/ubuntu-9ec": {
    "__comp": "17896441",
    "content": "015909db"
  },
  "/docs/project/servers/creation-585": {
    "__comp": "17896441",
    "content": "9f417ba4"
  },
  "/docs/project/troubleshooting-dcb": {
    "__comp": "17896441",
    "content": "f3eb6e24"
  },
  "/docs/project/wings/centos-27f": {
    "__comp": "17896441",
    "content": "436893f2"
  },
  "/docs/project/wings/debian-414": {
    "__comp": "17896441",
    "content": "d311c25b"
  },
  "/docs/project/wings/installing-81a": {
    "__comp": "17896441",
    "content": "bffadce0"
  },
  "/docs/project/wings/ubuntu-00e": {
    "__comp": "17896441",
    "content": "4dad74f7"
  },
  "/docs/security-3ef": {
    "__comp": "17896441",
    "content": "db32d859"
  },
  "/docs/servers/backups-053": {
    "__comp": "17896441",
    "content": "91dffb74"
  },
  "/docs/servers/mods-f6f": {
    "__comp": "17896441",
    "content": "84c97ff6"
  },
  "/docs/servers/monitoring-4fd": {
    "__comp": "17896441",
    "content": "85af16ff"
  },
  "/docs/servers/setup-38b": {
    "__comp": "17896441",
    "content": "170f2d50"
  },
  "/docs/troubleshooting-e02": {
    "__comp": "17896441",
    "content": "9d9f8394"
  },
  "/docs/update-guide-1d5": {
    "__comp": "17896441",
    "content": "43cbbd38"
  },
  "/docs/users-a10": {
    "__comp": "17896441",
    "content": "4cc4d2ba"
  },
  "/-2e1": {
    "__comp": "c4f5d8e4",
    "__context": {
      "plugin": "a7456010"
    },
    "config": "5e9f5e1a"
  }
}