{
  "/__docusaurus/debug-5ff": {
    "__comp": "__comp---theme-debug-config-23-a-2ff",
    "__context": {
      "plugin": "plugin---docusaurus-debugb-38-ad3"
    }
  },
  "/__docusaurus/debug/config-5ba": {
    "__comp": "__comp---theme-debug-config-23-a-2ff",
    "__context": {
      "plugin": "plugin---docusaurus-debugb-38-ad3"
    }
  },
  "/__docusaurus/debug/content-a2b": {
    "__comp": "__comp---theme-debug-contentba-8-ce7",
    "__context": {
      "plugin": "plugin---docusaurus-debugb-38-ad3"
    },
    "__props": "__props---docusaurus-debug-content-3-c-0-be2"
  },
  "/__docusaurus/debug/globalData-c3c": {
    "__comp": "__comp---theme-debug-global-dataede-0fa",
    "__context": {
      "plugin": "plugin---docusaurus-debugb-38-ad3"
    }
  },
  "/__docusaurus/debug/metadata-156": {
    "__comp": "__comp---theme-debug-site-metadata-68-e-3d4",
    "__context": {
      "plugin": "plugin---docusaurus-debugb-38-ad3"
    }
  },
  "/__docusaurus/debug/registry-88c": {
    "__comp": "__comp---theme-debug-registry-679-501",
    "__context": {
      "plugin": "plugin---docusaurus-debugb-38-ad3"
    }
  },
  "/__docusaurus/debug/routes-000": {
    "__comp": "__comp---theme-debug-routes-946-699",
    "__context": {
      "plugin": "plugin---docusaurus-debugb-38-ad3"
    }
  },
  "/api-24b": {
    "__comp": "__comp---site-src-pages-api-js-48-d-376",
    "__context": {
      "plugin": "plugin---apia-74-5c6"
    },
    "config": "config---api-5-e-9-841"
  },
  "/blog-b2f": {
    "__comp": "__comp---theme-blog-list-pagea-6-a-7ba",
    "__context": {
      "plugin": "plugin---blog-369-22e"
    },
    "sidebar": "sidebar---blog-814-8ac",
    "items": [
      {
        "content": "content---blog-766-e3c"
      },
      {
        "content": "content---blogf-4-f-cd7"
      },
      {
        "content": "content---blog-871-381"
      },
      {
        "content": "content---blog-925-e00"
      }
    ],
    "__props": "__props---blogc-15-573"
  },
  "/blog/archive-182": {
    "__comp": "__comp---theme-blog-archive-page-9-e-4-1d8",
    "__context": {
      "plugin": "plugin---blog-369-22e"
    },
    "__props": "__props---blog-archivef-81-229"
  },
  "/blog/authors-0b7": {
    "__comp": "__comp---theme-blog-pages-blog-authors-list-page-621-70c",
    "__context": {
      "data": {
        "blogMetadata": "blogMetadata---blog-authorsace-e7d"
      },
      "plugin": "plugin---blog-369-22e"
    },
    "sidebar": "sidebar---blog-814-8ac",
    "__props": "__props---blog-authorsef-8-44f"
  },
  "/blog/authors/all-sebastien-lorber-articles-4a1": {
    "__comp": "__comp---theme-blog-pages-blog-authors-posts-page-33-f-bd5",
    "__context": {
      "data": {
        "blogMetadata": "blogMetadata---blog-authorsace-e7d"
      },
      "plugin": "plugin---blog-369-22e"
    },
    "items": [
      {
        "content": "content---blog-766-e3c"
      },
      {
        "content": "content---blogf-4-f-cd7"
      },
      {
        "content": "content---blog-925-e00"
      }
    ],
    "sidebar": "sidebar---blog-814-8ac",
    "__props": "__props---blog-authors-all-sebastien-lorber-articlesc-9-c-639"
  },
  "/blog/authors/yangshun-a68": {
    "__comp": "__comp---theme-blog-pages-blog-authors-posts-page-33-f-bd5",
    "__context": {
      "data": {
        "blogMetadata": "blogMetadata---blog-authorsace-e7d"
      },
      "plugin": "plugin---blog-369-22e"
    },
    "items": [
      {
        "content": "content---blog-766-e3c"
      },
      {
        "content": "content---blog-871-381"
      },
      {
        "content": "content---blog-925-e00"
      }
    ],
    "sidebar": "sidebar---blog-814-8ac",
    "__props": "__props---blog-authors-yangshun-1-de-d0c"
  },
  "/blog/first-blog-post-89a": {
    "__comp": "__comp---theme-blog-post-pageccc-cab",
    "__context": {
      "data": {
        "blogMetadata": "blogMetadata---blog-authorsace-e7d"
      },
      "plugin": "plugin---blog-369-22e"
    },
    "sidebar": "sidebar---blog-814-8ac",
    "content": "content---blog-first-blog-poste-27-4a1"
  },
  "/blog/long-blog-post-9ad": {
    "__comp": "__comp---theme-blog-post-pageccc-cab",
    "__context": {
      "data": {
        "blogMetadata": "blogMetadata---blog-authorsace-e7d"
      },
      "plugin": "plugin---blog-369-22e"
    },
    "sidebar": "sidebar---blog-814-8ac",
    "content": "content---blog-long-blog-post-736-bc7"
  },
  "/blog/mdx-blog-post-e9f": {
    "__comp": "__comp---theme-blog-post-pageccc-cab",
    "__context": {
      "data": {
        "blogMetadata": "blogMetadata---blog-authorsace-e7d"
      },
      "plugin": "plugin---blog-369-22e"
    },
    "sidebar": "sidebar---blog-814-8ac",
    "content": "content---blog-mdx-blog-post-593-37b"
  },
  "/blog/tags-287": {
    "__comp": "__comp---theme-blog-tags-list-page-01-a-d0b",
    "__context": {
      "plugin": "plugin---blog-369-22e"
    },
    "sidebar": "sidebar---blog-814-8ac",
    "__props": "__props---blog-tags-3-a-2-fa2"
  },
  "/blog/tags/docusaurus-704": {
    "__comp": "__comp---theme-blog-tags-posts-page-687-b6c",
    "__context": {
      "plugin": "plugin---blog-369-22e"
    },
    "sidebar": "sidebar---blog-814-8ac",
    "items": [
      {
        "content": "content---blog-766-e3c"
      },
      {
        "content": "content---blogf-4-f-cd7"
      },
      {
        "content": "content---blog-871-381"
      },
      {
        "content": "content---blog-925-e00"
      }
    ],
    "__props": "__props---blog-tags-docusaurus-321-832"
  },
  "/blog/tags/facebook-858": {
    "__comp": "__comp---theme-blog-tags-posts-page-687-b6c",
    "__context": {
      "plugin": "plugin---blog-369-22e"
    },
    "sidebar": "sidebar---blog-814-8ac",
    "items": [
      {
        "content": "content---blog-766-e3c"
      }
    ],
    "__props": "__props---blog-tags-facebooke-5-a-514"
  },
  "/blog/tags/hello-299": {
    "__comp": "__comp---theme-blog-tags-posts-page-687-b6c",
    "__context": {
      "plugin": "plugin---blog-369-22e"
    },
    "sidebar": "sidebar---blog-814-8ac",
    "items": [
      {
        "content": "content---blog-766-e3c"
      },
      {
        "content": "content---blog-871-381"
      }
    ],
    "__props": "__props---blog-tags-hellof-82-2fd"
  },
  "/blog/tags/hola-00d": {
    "__comp": "__comp---theme-blog-tags-posts-page-687-b6c",
    "__context": {
      "plugin": "plugin---blog-369-22e"
    },
    "sidebar": "sidebar---blog-814-8ac",
    "items": [
      {
        "content": "content---blog-925-e00"
      }
    ],
    "__props": "__props---blog-tags-hola-5-e-9-9a3"
  },
  "/blog/welcome-d2b": {
    "__comp": "__comp---theme-blog-post-pageccc-cab",
    "__context": {
      "data": {
        "blogMetadata": "blogMetadata---blog-authorsace-e7d"
      },
      "plugin": "plugin---blog-369-22e"
    },
    "sidebar": "sidebar---blog-814-8ac",
    "content": "content---blog-welcomed-9-f-ffb"
  },
  "/features-13a": {
    "__comp": "__comp---site-src-pages-features-jsa-54-5db",
    "__context": {
      "plugin": "plugin---apia-74-5c6"
    },
    "config": "config---api-5-e-9-841"
  },
  "/markdown-page-3d7": {
    "__comp": "__comp---theme-mdx-page-1-f-3-b90",
    "__context": {
      "plugin": "plugin---apia-74-5c6"
    },
    "content": "content---markdown-page-393-028"
  },
  "/docs-562": {
    "__comp": "__comp---theme-docs-root-5-e-9-0b6",
    "__context": {
      "plugin": "plugin---docsaba-d7c"
    }
  },
  "/docs-7ac": {
    "__comp": "__comp---theme-doc-version-roota-7-b-5de",
    "__props": "__props---docs-005-788"
  },
  "/docs-f0c": {
    "__comp": "__comp---theme-doc-roota-94-67a"
  },
  "/docs/api/introduction-38e": {
    "__comp": "__comp---theme-doc-item-178-a40",
    "content": "content---docs-api-introductiona-98-3d9"
  },
  "/docs/api/libraries-7fe": {
    "__comp": "__comp---theme-doc-item-178-a40",
    "content": "content---docs-api-libraries-826-939"
  },
  "/docs/api/nodes-b9e": {
    "__comp": "__comp---theme-doc-item-178-a40",
    "content": "content---docs-api-nodes-6-e-4-155"
  },
  "/docs/api/servers-b09": {
    "__comp": "__comp---theme-doc-item-178-a40",
    "content": "content---docs-api-servers-13-f-fef"
  },
  "/docs/api/users-31c": {
    "__comp": "__comp---theme-doc-item-178-a40",
    "content": "content---docs-api-users-63-b-2cf"
  },
  "/docs/content-strategy-e2a": {
    "__comp": "__comp---theme-doc-item-178-a40",
    "content": "content---docs-content-strategyc-00-0a2"
  },
  "/docs/intro-61d": {
    "__comp": "__comp---theme-doc-item-178-a40",
    "content": "content---docs-intro-0-e-3-be1"
  },
  "/docs/migration-e31": {
    "__comp": "__comp---theme-doc-item-178-a40",
    "content": "content---docs-migration-295-167"
  },
  "/docs/performance-optimization-f13": {
    "__comp": "__comp---theme-doc-item-178-a40",
    "content": "content---docs-performance-optimization-580-9de"
  },
  "/docs/project/panel/installation-b69": {
    "__comp": "__comp---theme-doc-item-178-a40",
    "content": "content---docs-project-panel-installationcd-0-6ae"
  },
  "/docs/project/wings/installing-81a": {
    "__comp": "__comp---theme-doc-item-178-a40",
    "content": "content---docs-project-wings-installingbff-950"
  },
  "/docs/security-3ef": {
    "__comp": "__comp---theme-doc-item-178-a40",
    "content": "content---docs-securitydb-3-ce2"
  },
  "/docs/servers/setup-38b": {
    "__comp": "__comp---theme-doc-item-178-a40",
    "content": "content---docs-servers-setup-170-9ae"
  },
  "/docs/troubleshooting-e02": {
    "__comp": "__comp---theme-doc-item-178-a40",
    "content": "content---docs-troubleshooting-9-d-9-0bf"
  },
  "/docs/update-guide-1d5": {
    "__comp": "__comp---theme-doc-item-178-a40",
    "content": "content---docs-update-guide-43-c-b29"
  },
  "/docs/users-a10": {
    "__comp": "__comp---theme-doc-item-178-a40",
    "content": "content---docs-users-4-cc-b41"
  },
  "/-2e1": {
    "__comp": "__comp---site-src-pages-index-jsc-4-f-f99",
    "__context": {
      "plugin": "plugin---apia-74-5c6"
    },
    "config": "config---api-5-e-9-841"
  }
}