{
  "id": "api/nodes",
  "title": "Node Management API",
  "description": "This section provides detailed documentation for PhoenixPanel's Node Management API endpoints. These endpoints are typically used by administrators to manage the server nodes that host game servers.",
  "source": "@site/docs/api/nodes.md",
  "sourceDirName": "api",
  "slug": "/api/nodes",
  "permalink": "/docs/api/nodes",
  "draft": false,
  "unlisted": false,
  "editUrl": "https://github.com/phoenixpanel/panel/tree/main/docs/docs/api/nodes.md",
  "tags": [],
  "version": "current",
  "sidebarPosition": 4,
  "frontMatter": {
    "sidebar_position": 4
  },
  "sidebar": "tutorialSidebar",
  "previous": {
    "title": "User Management API",
    "permalink": "/docs/api/users"
  },
  "next": {
    "title": "Client Libraries",
    "permalink": "/docs/api/libraries"
  }
}