{
  "id": "migration",
  "title": "Migration Guide",
  "description": "This guide provides instructions for migrating from other game server management panels to PhoenixPanel.",
  "source": "@site/docs/migration.md",
  "sourceDirName": ".",
  "slug": "/migration",
  "permalink": "/docs/migration",
  "draft": false,
  "unlisted": false,
  "editUrl": "https://github.com/phoenixpanel/panel/tree/main/docs/docs/migration.md",
  "tags": [],
  "version": "current",
  "sidebarPosition": 8,
  "frontMatter": {
    "sidebar_position": 8
  },
  "sidebar": "tutorialSidebar",
  "previous": {
    "title": "Security Best Practices",
    "permalink": "/docs/security"
  },
  "next": {
    "title": "Update Guide",
    "permalink": "/docs/update-guide"
  }
}