{
  "id": "api/introduction",
  "title": "API Introduction",
  "description": "Welcome to the PhoenixPanel API documentation. This guide will help you integrate your applications with PhoenixPanel and automate your game server management.",
  "source": "@site/docs/api/introduction.md",
  "sourceDirName": "api",
  "slug": "/api/introduction",
  "permalink": "/docs/api/introduction",
  "draft": false,
  "unlisted": false,
  "editUrl": "https://github.com/phoenixpanel/panel/tree/main/docs/docs/api/introduction.md",
  "tags": [],
  "version": "current",
  "sidebarPosition": 1,
  "frontMatter": {
    "sidebar_position": 1
  },
  "sidebar": "tutorialSidebar",
  "previous": {
    "title": "Project Troubleshooting",
    "permalink": "/docs/project/troubleshooting"
  },
  "next": {
    "title": "Server Management API",
    "permalink": "/docs/api/servers"
  }
}