{
  "id": "project/panel/installation",
  "title": "Panel Installation",
  "description": "This guide provides an overview of installing PhoenixPanel. For OS-specific installation instructions, please select your operating system from the sidebar.",
  "source": "@site/docs/project/panel/installation.md",
  "sourceDirName": "project/panel",
  "slug": "/project/panel/installation",
  "permalink": "/docs/project/panel/installation",
  "draft": false,
  "unlisted": false,
  "editUrl": "https://github.com/phoenixpanel/panel/tree/main/docs/docs/project/panel/installation.md",
  "tags": [],
  "version": "current",
  "sidebarPosition": 1,
  "frontMatter": {
    "sidebar_position": 1
  },
  "sidebar": "tutorialSidebar",
  "previous": {
    "title": "PhoenixPanel Documentation",
    "permalink": "/docs/intro"
  },
  "next": {
    "title": "Ubuntu Installation",
    "permalink": "/docs/project/panel/ubuntu"
  }
}