{
  "id": "project/troubleshooting",
  "title": "Project Troubleshooting",
  "description": "This guide provides solutions to common issues you might encounter while running PhoenixPanel. We've organized troubleshooting steps by component to help you quickly resolve problems with both the panel and Wings daemon.",
  "source": "@site/docs/project/troubleshooting.md",
  "sourceDirName": "project",
  "slug": "/project/troubleshooting",
  "permalink": "/docs/project/troubleshooting",
  "draft": false,
  "unlisted": false,
  "editUrl": "https://github.com/phoenixpanel/panel/tree/main/docs/docs/project/troubleshooting.md",
  "tags": [],
  "version": "current",
  "sidebarPosition": 5,
  "frontMatter": {
    "sidebar_position": 5
  },
  "sidebar": "tutorialSidebar",
  "previous": {
    "title": "Server Creation",
    "permalink": "/docs/project/servers/creation"
  },
  "next": {
    "title": "API Introduction",
    "permalink": "/docs/api/introduction"
  }
}