{
  "id": "api/users",
  "title": "User Management API",
  "description": "This section provides detailed documentation for PhoenixPanel's User Management API endpoints.",
  "source": "@site/docs/api/users.md",
  "sourceDirName": "api",
  "slug": "/api/users",
  "permalink": "/docs/api/users",
  "draft": false,
  "unlisted": false,
  "editUrl": "https://github.com/phoenixpanel/panel/tree/main/docs/docs/api/users.md",
  "tags": [],
  "version": "current",
  "sidebarPosition": 3,
  "frontMatter": {
    "sidebar_position": 3
  },
  "sidebar": "tutorialSidebar",
  "previous": {
    "title": "Server Management API",
    "permalink": "/docs/api/servers"
  },
  "next": {
    "title": "Node Management API",
    "permalink": "/docs/api/nodes"
  }
}