{
  "id": "security",
  "title": "Security Best Practices",
  "description": "This guide outlines security best practices for your PhoenixPanel installation to help protect your game servers and user data from potential threats.",
  "source": "@site/docs/security.md",
  "sourceDirName": ".",
  "slug": "/security",
  "permalink": "/docs/security",
  "draft": false,
  "unlisted": false,
  "editUrl": "https://github.com/phoenixpanel/panel/tree/main/docs/docs/security.md",
  "tags": [],
  "version": "current",
  "sidebarPosition": 12,
  "frontMatter": {
    "sidebar_position": 12
  },
  "sidebar": "tutorialSidebar",
  "previous": {
    "title": "Performance Optimization Guide",
    "permalink": "/docs/performance-optimization"
  },
  "next": {
    "title": "Migration Guide",
    "permalink": "/docs/migration"
  }
}