{
  "id": "users",
  "title": "User Management",
  "description": "PhoenixPanel provides a comprehensive user management system that allows you to control access to your game servers and administrative functions. This guide covers everything you need to know about managing users in PhoenixPanel.",
  "source": "@site/docs/users.md",
  "sourceDirName": ".",
  "slug": "/users",
  "permalink": "/docs/users",
  "draft": false,
  "unlisted": false,
  "editUrl": "https://github.com/phoenixpanel/panel/tree/main/docs/docs/users.md",
  "tags": [],
  "version": "current",
  "sidebarPosition": 4,
  "frontMatter": {
    "sidebar_position": 4
  },
  "sidebar": "tutorialSidebar",
  "previous": {
    "title": "Server Mods & Plugins",
    "permalink": "/docs/servers/mods"
  },
  "next": {
    "title": "Performance Optimization Guide",
    "permalink": "/docs/performance-optimization"
  }
}