{
  "id": "troubleshooting",
  "title": "Troubleshooting Guide",
  "description": "This comprehensive troubleshooting guide will help you diagnose and resolve common issues with PhoenixPanel installations. Follow the step-by-step instructions to identify problems and implement solutions.",
  "source": "@site/docs/troubleshooting.md",
  "sourceDirName": ".",
  "slug": "/troubleshooting",
  "permalink": "/docs/troubleshooting",
  "draft": false,
  "unlisted": false,
  "editUrl": "https://github.com/phoenixpanel/panel/tree/main/docs/docs/troubleshooting.md",
  "tags": [],
  "version": "current",
  "sidebarPosition": 13,
  "frontMatter": {
    "sidebar_position": 13
  },
  "sidebar": "tutorialSidebar",
  "previous": {
    "title": "Content Strategy & SEO Guide",
    "permalink": "/docs/content-strategy"
  }
}