{
  "id": "content-editing-guide",
  "title": "Content Editing Guide",
  "description": "How to easily edit website content without coding knowledge",
  "source": "@site/docs/content-editing-guide.md",
  "sourceDirName": ".",
  "slug": "/content-editing-guide",
  "permalink": "/docs/content-editing-guide",
  "draft": false,
  "unlisted": false,
  "editUrl": "https://github.com/phoenixpanel/panel/tree/main/docs/docs/content-editing-guide.md",
  "tags": [],
  "version": "current",
  "sidebarPosition": 5,
  "frontMatter": {
    "sidebar_position": 5,
    "title": "Content Editing Guide",
    "description": "How to easily edit website content without coding knowledge"
  }
}