{
  "id": "servers/mods",
  "title": "Server Mods & Plugins",
  "description": "This guide covers everything you need to know about installing, managing, and configuring mods and plugins for game servers on PhoenixPanel.",
  "source": "@site/docs/servers/mods.md",
  "sourceDirName": "servers",
  "slug": "/servers/mods",
  "permalink": "/docs/servers/mods",
  "draft": false,
  "unlisted": false,
  "editUrl": "https://github.com/phoenixpanel/panel/tree/main/docs/docs/servers/mods.md",
  "tags": [],
  "version": "current",
  "sidebarPosition": 4,
  "frontMatter": {
    "sidebar_position": 4
  },
  "sidebar": "tutorialSidebar",
  "previous": {
    "title": "Server Monitoring",
    "permalink": "/docs/servers/monitoring"
  },
  "next": {
    "title": "User Management",
    "permalink": "/docs/users"
  }
}