{
  "id": "project/panel/debian",
  "title": "Debian Installation",
  "description": "This guide will walk you through the process of installing PhoenixPanel on Debian.",
  "source": "@site/docs/project/panel/debian.md",
  "sourceDirName": "project/panel",
  "slug": "/project/panel/debian",
  "permalink": "/docs/project/panel/debian",
  "draft": false,
  "unlisted": false,
  "editUrl": "https://github.com/phoenixpanel/panel/tree/main/docs/docs/project/panel/debian.md",
  "tags": [],
  "version": "current",
  "sidebarPosition": 3,
  "frontMatter": {
    "sidebar_position": 3
  },
  "sidebar": "tutorialSidebar",
  "previous": {
    "title": "Ubuntu Installation",
    "permalink": "/docs/project/panel/ubuntu"
  },
  "next": {
    "title": "CentOS & AlmaLinux Installation",
    "permalink": "/docs/project/panel/centos"
  }
}