{
  "id": "servers/backups",
  "title": "Server Backups",
  "description": "This guide covers everything you need to know about backing up and restoring game servers in PhoenixPanel.",
  "source": "@site/docs/servers/backups.md",
  "sourceDirName": "servers",
  "slug": "/servers/backups",
  "permalink": "/docs/servers/backups",
  "draft": false,
  "unlisted": false,
  "editUrl": "https://github.com/phoenixpanel/panel/tree/main/docs/docs/servers/backups.md",
  "tags": [],
  "version": "current",
  "sidebarPosition": 2,
  "frontMatter": {
    "sidebar_position": 2
  },
  "sidebar": "tutorialSidebar",
  "previous": {
    "title": "Server Setup Guide",
    "permalink": "/docs/servers/setup"
  },
  "next": {
    "title": "Server Monitoring",
    "permalink": "/docs/servers/monitoring"
  }
}