{
  "id": "update-guide",
  "title": "Update Guide",
  "description": "This guide provides step-by-step instructions for updating your PhoenixPanel installation to the latest version.",
  "source": "@site/docs/update-guide.md",
  "sourceDirName": ".",
  "slug": "/update-guide",
  "permalink": "/docs/update-guide",
  "draft": false,
  "unlisted": false,
  "editUrl": "https://github.com/phoenixpanel/panel/tree/main/docs/docs/update-guide.md",
  "tags": [],
  "version": "current",
  "sidebarPosition": 7,
  "frontMatter": {
    "sidebar_position": 7
  },
  "sidebar": "tutorialSidebar",
  "previous": {
    "title": "Migration Guide",
    "permalink": "/docs/migration"
  },
  "next": {
    "title": "Content Strategy & SEO Guide",
    "permalink": "/docs/content-strategy"
  }
}