{
  "id": "project/panel/centos",
  "title": "CentOS & AlmaLinux Installation",
  "description": "This guide will walk you through the process of installing PhoenixPanel on CentOS Stream or AlmaLinux.",
  "source": "@site/docs/project/panel/centos.md",
  "sourceDirName": "project/panel",
  "slug": "/project/panel/centos",
  "permalink": "/docs/project/panel/centos",
  "draft": false,
  "unlisted": false,
  "editUrl": "https://github.com/phoenixpanel/panel/tree/main/docs/docs/project/panel/centos.md",
  "tags": [],
  "version": "current",
  "sidebarPosition": 4,
  "frontMatter": {
    "sidebar_position": 4
  },
  "sidebar": "tutorialSidebar",
  "previous": {
    "title": "Debian Installation",
    "permalink": "/docs/project/panel/debian"
  },
  "next": {
    "title": "Panel Configuration",
    "permalink": "/docs/project/panel/configuration"
  }
}