{
  "id": "content-strategy",
  "title": "Content Strategy & SEO Guide",
  "description": "This guide provides best practices for crafting effective content and optimizing your game server documentation for search engines. Whether you're documenting your server configurations or creating a community knowledge base, these strategies will help you create more discoverable, engaging documentation.",
  "source": "@site/docs/content-strategy.md",
  "sourceDirName": ".",
  "slug": "/content-strategy",
  "permalink": "/docs/content-strategy",
  "draft": false,
  "unlisted": false,
  "editUrl": "https://github.com/phoenixpanel/panel/tree/main/docs/docs/content-strategy.md",
  "tags": [],
  "version": "current",
  "sidebarPosition": 10,
  "frontMatter": {
    "sidebar_position": 10
  },
  "sidebar": "tutorialSidebar",
  "previous": {
    "title": "Update Guide",
    "permalink": "/docs/update-guide"
  },
  "next": {
    "title": "Troubleshooting Guide",
    "permalink": "/docs/troubleshooting"
  }
}