{
  "id": "api/libraries",
  "title": "Client Libraries",
  "description": "To make it easier to interact with the PhoenixPanel API, several client libraries are available in different programming languages. These libraries handle authentication, request formatting, and error handling, allowing you to focus on your application logic.",
  "source": "@site/docs/api/libraries.md",
  "sourceDirName": "api",
  "slug": "/api/libraries",
  "permalink": "/docs/api/libraries",
  "draft": false,
  "unlisted": false,
  "editUrl": "https://github.com/phoenixpanel/panel/tree/main/docs/docs/api/libraries.md",
  "tags": [],
  "version": "current",
  "sidebarPosition": 5,
  "frontMatter": {
    "sidebar_position": 5
  },
  "sidebar": "tutorialSidebar",
  "previous": {
    "title": "Node Management API",
    "permalink": "/docs/api/nodes"
  },
  "next": {
    "title": "API Services",
    "permalink": "/docs/api/services"
  }
}