{
  "id": "performance-optimization",
  "title": "Performance Optimization Guide",
  "description": "This guide provides technical recommendations for optimizing your PhoenixPanel installation. Following these best practices will help you achieve better performance, scalability, and reliability for your game server hosting environment.",
  "source": "@site/docs/performance-optimization.md",
  "sourceDirName": ".",
  "slug": "/performance-optimization",
  "permalink": "/docs/performance-optimization",
  "draft": false,
  "unlisted": false,
  "editUrl": "https://github.com/phoenixpanel/panel/tree/main/docs/docs/performance-optimization.md",
  "tags": [],
  "version": "current",
  "sidebarPosition": 11,
  "frontMatter": {
    "sidebar_position": 11
  },
  "sidebar": "tutorialSidebar",
  "previous": {
    "title": "User Management",
    "permalink": "/docs/users"
  },
  "next": {
    "title": "Security Best Practices",
    "permalink": "/docs/security"
  }
}