{
  "id": "project/servers/creation",
  "title": "Server Creation",
  "description": "This guide walks you through the process of creating and configuring game servers in PhoenixPanel.",
  "source": "@site/docs/project/servers/creation.md",
  "sourceDirName": "project/servers",
  "slug": "/project/servers/creation",
  "permalink": "/docs/project/servers/creation",
  "draft": false,
  "unlisted": false,
  "editUrl": "https://github.com/phoenixpanel/panel/tree/main/docs/docs/project/servers/creation.md",
  "tags": [],
  "version": "current",
  "sidebarPosition": 1,
  "frontMatter": {
    "sidebar_position": 1
  },
  "sidebar": "tutorialSidebar",
  "previous": {
    "title": "Wings on CentOS & AlmaLinux",
    "permalink": "/docs/project/wings/centos"
  },
  "next": {
    "title": "Project Troubleshooting",
    "permalink": "/docs/project/troubleshooting"
  }
}