{
  "id": "api/services",
  "title": "API Services",
  "description": "This section outlines the service-related endpoints available in the PhoenixPanel API for managing background services and scheduled tasks.",
  "source": "@site/docs/api/services.md",
  "sourceDirName": "api",
  "slug": "/api/services",
  "permalink": "/docs/api/services",
  "draft": false,
  "unlisted": false,
  "editUrl": "https://github.com/phoenixpanel/panel/tree/main/docs/docs/api/services.md",
  "tags": [],
  "version": "current",
  "sidebarPosition": 6,
  "frontMatter": {
    "sidebar_position": 6
  },
  "sidebar": "tutorialSidebar",
  "previous": {
    "title": "Client Libraries",
    "permalink": "/docs/api/libraries"
  },
  "next": {
    "title": "Server Setup Guide",
    "permalink": "/docs/servers/setup"
  }
}