{
  "id": "project/panel/configuration",
  "title": "Panel Configuration",
  "description": "This guide provides detailed instructions for configuring your PhoenixPanel installation after the initial setup.",
  "source": "@site/docs/project/panel/configuration.md",
  "sourceDirName": "project/panel",
  "slug": "/project/panel/configuration",
  "permalink": "/docs/project/panel/configuration",
  "draft": false,
  "unlisted": false,
  "editUrl": "https://github.com/phoenixpanel/panel/tree/main/docs/docs/project/panel/configuration.md",
  "tags": [],
  "version": "current",
  "sidebarPosition": 2,
  "frontMatter": {
    "sidebar_position": 2
  },
  "sidebar": "tutorialSidebar",
  "previous": {
    "title": "CentOS & AlmaLinux Installation",
    "permalink": "/docs/project/panel/centos"
  },
  "next": {
    "title": "Installing Wings",
    "permalink": "/docs/project/wings/installing"
  }
}