{
  "id": "project/wings/debian",
  "title": "Wings on Debian",
  "description": "This guide will walk you through the process of installing PhoenixPanel Wings on Debian.",
  "source": "@site/docs/project/wings/debian.md",
  "sourceDirName": "project/wings",
  "slug": "/project/wings/debian",
  "permalink": "/docs/project/wings/debian",
  "draft": false,
  "unlisted": false,
  "editUrl": "https://github.com/phoenixpanel/panel/tree/main/docs/docs/project/wings/debian.md",
  "tags": [],
  "version": "current",
  "sidebarPosition": 3,
  "frontMatter": {
    "sidebar_position": 3
  },
  "sidebar": "tutorialSidebar",
  "previous": {
    "title": "Wings on Ubuntu",
    "permalink": "/docs/project/wings/ubuntu"
  },
  "next": {
    "title": "Wings on CentOS & AlmaLinux",
    "permalink": "/docs/project/wings/centos"
  }
}