{
  "id": "project/wings/installing",
  "title": "Installing Wings",
  "description": "Wings is the server control plane for PhoenixPanel. It handles all the game server logic, runs the Docker containers, and communicates with your main PhoenixPanel installation.",
  "source": "@site/docs/project/wings/installing.md",
  "sourceDirName": "project/wings",
  "slug": "/project/wings/installing",
  "permalink": "/docs/project/wings/installing",
  "draft": false,
  "unlisted": false,
  "editUrl": "https://github.com/phoenixpanel/panel/tree/main/docs/docs/project/wings/installing.md",
  "tags": [],
  "version": "current",
  "sidebarPosition": 1,
  "frontMatter": {
    "sidebar_position": 1
  },
  "sidebar": "tutorialSidebar",
  "previous": {
    "title": "Panel Configuration",
    "permalink": "/docs/project/panel/configuration"
  },
  "next": {
    "title": "Wings on Ubuntu",
    "permalink": "/docs/project/wings/ubuntu"
  }
}