{
  "id": "servers/monitoring",
  "title": "Server Monitoring",
  "description": "This guide covers the monitoring capabilities of PhoenixPanel, helping you track performance, resource usage, and status of your game servers.",
  "source": "@site/docs/servers/monitoring.md",
  "sourceDirName": "servers",
  "slug": "/servers/monitoring",
  "permalink": "/docs/servers/monitoring",
  "draft": false,
  "unlisted": false,
  "editUrl": "https://github.com/phoenixpanel/panel/tree/main/docs/docs/servers/monitoring.md",
  "tags": [],
  "version": "current",
  "sidebarPosition": 3,
  "frontMatter": {
    "sidebar_position": 3
  },
  "sidebar": "tutorialSidebar",
  "previous": {
    "title": "Server Backups",
    "permalink": "/docs/servers/backups"
  },
  "next": {
    "title": "Server Mods & Plugins",
    "permalink": "/docs/servers/mods"
  }
}