{
  "id": "project/wings/ubuntu",
  "title": "Wings on Ubuntu",
  "description": "This guide will walk you through the process of installing PhoenixPanel Wings on Ubuntu.",
  "source": "@site/docs/project/wings/ubuntu.md",
  "sourceDirName": "project/wings",
  "slug": "/project/wings/ubuntu",
  "permalink": "/docs/project/wings/ubuntu",
  "draft": false,
  "unlisted": false,
  "editUrl": "https://github.com/phoenixpanel/panel/tree/main/docs/docs/project/wings/ubuntu.md",
  "tags": [],
  "version": "current",
  "sidebarPosition": 2,
  "frontMatter": {
    "sidebar_position": 2
  },
  "sidebar": "tutorialSidebar",
  "previous": {
    "title": "Installing Wings",
    "permalink": "/docs/project/wings/installing"
  },
  "next": {
    "title": "Wings on Debian",
    "permalink": "/docs/project/wings/debian"
  }
}