{
  "id": "project/panel/ubuntu",
  "title": "Ubuntu Installation",
  "description": "This guide will walk you through the process of installing PhoenixPanel on Ubuntu.",
  "source": "@site/docs/project/panel/ubuntu.md",
  "sourceDirName": "project/panel",
  "slug": "/project/panel/ubuntu",
  "permalink": "/docs/project/panel/ubuntu",
  "draft": false,
  "unlisted": false,
  "editUrl": "https://github.com/phoenixpanel/panel/tree/main/docs/docs/project/panel/ubuntu.md",
  "tags": [],
  "version": "current",
  "sidebarPosition": 2,
  "frontMatter": {
    "sidebar_position": 2
  },
  "sidebar": "tutorialSidebar",
  "previous": {
    "title": "Panel Installation",
    "permalink": "/docs/project/panel/installation"
  },
  "next": {
    "title": "Debian Installation",
    "permalink": "/docs/project/panel/debian"
  }
}