{
  "id": "api/servers",
  "title": "Server Management API",
  "description": "This section provides comprehensive documentation for PhoenixPanel's Server Management API endpoints. These endpoints allow you to programmatically manage game servers through the PhoenixPanel API.",
  "source": "@site/docs/api/servers.md",
  "sourceDirName": "api",
  "slug": "/api/servers",
  "permalink": "/docs/api/servers",
  "draft": false,
  "unlisted": false,
  "editUrl": "https://github.com/phoenixpanel/panel/tree/main/docs/docs/api/servers.md",
  "tags": [],
  "version": "current",
  "sidebarPosition": 2,
  "frontMatter": {
    "sidebar_position": 2
  },
  "sidebar": "tutorialSidebar",
  "previous": {
    "title": "API Introduction",
    "permalink": "/docs/api/introduction"
  },
  "next": {
    "title": "User Management API",
    "permalink": "/docs/api/users"
  }
}