{
  "id": "servers/setup",
  "title": "Server Setup Guide",
  "description": "This guide will help you configure your first game server in PhoenixPanel.",
  "source": "@site/docs/servers/setup.md",
  "sourceDirName": "servers",
  "slug": "/servers/setup",
  "permalink": "/docs/servers/setup",
  "draft": false,
  "unlisted": false,
  "editUrl": "https://github.com/phoenixpanel/panel/tree/main/docs/docs/servers/setup.md",
  "tags": [],
  "version": "current",
  "sidebarPosition": 1,
  "frontMatter": {
    "sidebar_position": 1
  },
  "sidebar": "tutorialSidebar",
  "previous": {
    "title": "API Services",
    "permalink": "/docs/api/services"
  },
  "next": {
    "title": "Server Backups",
    "permalink": "/docs/servers/backups"
  }
}