{
  "id": "project/wings/centos",
  "title": "Wings on CentOS & AlmaLinux",
  "description": "This guide will walk you through the process of installing PhoenixPanel Wings on CentOS Stream or AlmaLinux.",
  "source": "@site/docs/project/wings/centos.md",
  "sourceDirName": "project/wings",
  "slug": "/project/wings/centos",
  "permalink": "/docs/project/wings/centos",
  "draft": false,
  "unlisted": false,
  "editUrl": "https://github.com/phoenixpanel/panel/tree/main/docs/docs/project/wings/centos.md",
  "tags": [],
  "version": "current",
  "sidebarPosition": 4,
  "frontMatter": {
    "sidebar_position": 4
  },
  "sidebar": "tutorialSidebar",
  "previous": {
    "title": "Wings on Debian",
    "permalink": "/docs/project/wings/debian"
  },
  "next": {
    "title": "Server Creation",
    "permalink": "/docs/project/servers/creation"
  }
}