{"version":{"pluginId":"default","version":"current","label":"Next","banner":null,"badge":false,"noIndex":false,"className":"docs-version-current","isLast":true,"docsSidebars":{"tutorialSidebar":[{"type":"link","label":"PhoenixPanel Documentation","href":"/docs/intro","docId":"intro","unlisted":false},{"type":"category","label":"Getting Started","collapsed":false,"items":[{"type":"link","label":"Panel Installation","href":"/docs/project/panel/installation","docId":"project/panel/installation","unlisted":false},{"type":"link","label":"Installing Wings","href":"/docs/project/wings/installing","docId":"project/wings/installing","unlisted":false}],"collapsible":true},{"type":"category","label":"API Reference","items":[{"type":"link","label":"API Introduction","href":"/docs/api/introduction","docId":"api/introduction","unlisted":false},{"type":"link","label":"Server Management API","href":"/docs/api/servers","docId":"api/servers","unlisted":false},{"type":"link","label":"User Management API","href":"/docs/api/users","docId":"api/users","unlisted":false},{"type":"link","label":"Node Management API","href":"/docs/api/nodes","docId":"api/nodes","unlisted":false},{"type":"link","label":"Client Libraries","href":"/docs/api/libraries","docId":"api/libraries","unlisted":false}],"collapsed":true,"collapsible":true},{"type":"category","label":"Server Management","items":[{"type":"link","label":"Server Setup Guide","href":"/docs/servers/setup","docId":"servers/setup","unlisted":false},{"type":"link","label":"User Management","href":"/docs/users","docId":"users","unlisted":false}],"collapsed":true,"collapsible":true},{"type":"category","label":"Technical Guides","items":[{"type":"link","label":"Performance Optimization Guide","href":"/docs/performance-optimization","docId":"performance-optimization","unlisted":false},{"type":"link","label":"Security Best Practices","href":"/docs/security","docId":"security","unlisted":false},{"type":"link","label":"Migration Guide","href":"/docs/migration","docId":"migration","unlisted":false},{"type":"link","label":"↪ Pterodactyl Migration","href":"/docs/migration#quick-migration-method-recommended"},{"type":"link","label":"Update Guide","href":"/docs/update-guide","docId":"update-guide","unlisted":false}],"collapsed":true,"collapsible":true},{"type":"category","label":"Best Practices","items":[{"type":"link","label":"Content Strategy & SEO Guide","href":"/docs/content-strategy","docId":"content-strategy","unlisted":false},{"type":"link","label":"Troubleshooting Guide","href":"/docs/troubleshooting","docId":"troubleshooting","unlisted":false}],"collapsed":true,"collapsible":true}]},"docs":{"api/introduction":{"id":"api/introduction","title":"API Introduction","description":"Welcome to the PhoenixPanel API documentation. This guide will help you integrate your applications with PhoenixPanel and automate your game server management.","sidebar":"tutorialSidebar"},"api/libraries":{"id":"api/libraries","title":"Client Libraries","description":"To make it easier to interact with the PhoenixPanel API, several client libraries are available in different programming languages. These libraries handle authentication, request formatting, and error handling, allowing you to focus on your application logic.","sidebar":"tutorialSidebar"},"api/nodes":{"id":"api/nodes","title":"Node Management API","description":"This section provides detailed documentation for PhoenixPanel's Node Management API endpoints. These endpoints are typically used by administrators to manage the server nodes that host game servers.","sidebar":"tutorialSidebar"},"api/servers":{"id":"api/servers","title":"Server Management API","description":"This section provides comprehensive documentation for PhoenixPanel's Server Management API endpoints. These endpoints allow you to programmatically manage game servers through the PhoenixPanel API.","sidebar":"tutorialSidebar"},"api/users":{"id":"api/users","title":"User Management API","description":"This section provides detailed documentation for PhoenixPanel's User Management API endpoints.","sidebar":"tutorialSidebar"},"content-strategy":{"id":"content-strategy","title":"Content Strategy & SEO Guide","description":"This guide provides best practices for crafting effective content and optimizing your game server documentation for search engines. Whether you're documenting your server configurations or creating a community knowledge base, these strategies will help you create more discoverable, engaging documentation.","sidebar":"tutorialSidebar"},"intro":{"id":"intro","title":"PhoenixPanel Documentation","description":"🔥","sidebar":"tutorialSidebar"},"migration":{"id":"migration","title":"Migration Guide","description":"This guide provides instructions for migrating from other game server management panels to PhoenixPanel.","sidebar":"tutorialSidebar"},"performance-optimization":{"id":"performance-optimization","title":"Performance Optimization Guide","description":"This guide provides technical recommendations for optimizing your PhoenixPanel installation. Following these best practices will help you achieve better performance, scalability, and reliability for your game server hosting environment.","sidebar":"tutorialSidebar"},"project/panel/installation":{"id":"project/panel/installation","title":"Panel Installation","description":"This guide will walk you through the process of installing PhoenixPanel on your server.","sidebar":"tutorialSidebar"},"project/wings/installing":{"id":"project/wings/installing","title":"Installing Wings","description":"Wings is the server control plane for PhoenixPanel. It handles all the game server logic, runs the Docker containers, and communicates with your main PhoenixPanel installation.","sidebar":"tutorialSidebar"},"security":{"id":"security","title":"Security Best Practices","description":"This guide outlines security best practices for your PhoenixPanel installation to help protect your game servers and user data from potential threats.","sidebar":"tutorialSidebar"},"servers/setup":{"id":"servers/setup","title":"Server Setup Guide","description":"This guide will help you configure your first game server in PhoenixPanel.","sidebar":"tutorialSidebar"},"troubleshooting":{"id":"troubleshooting","title":"Troubleshooting Guide","description":"This comprehensive troubleshooting guide will help you diagnose and resolve common issues with PhoenixPanel installations. Follow the step-by-step instructions to identify problems and implement solutions.","sidebar":"tutorialSidebar"},"update-guide":{"id":"update-guide","title":"Update Guide","description":"This guide provides step-by-step instructions for updating your PhoenixPanel installation to the latest version.","sidebar":"tutorialSidebar"},"users":{"id":"users","title":"User Management","description":"PhoenixPanel provides a comprehensive user management system that allows you to control access to your game servers and administrative functions. This guide covers everything you need to know about managing users in PhoenixPanel.","sidebar":"tutorialSidebar"}}}}